{"cameraMode":{"drawMode":0,"name":"Shaded","section":"Shading Mode"},"sceneLighting":true,"audioPlay":false,"sceneViewState":{"m_AlwaysRefresh":false,"showFog":true,"showSkybox":true,"showFlares":true,"showImageEffects":true,"showParticleSystems":true,"showVisualEffectGraphs":true,"m_FxEnabled":true},"in2DMode":false,"pivot":{"x":978.0409545898438,"y":698.865478515625,"z":-12.972137451171875},"rotation":{"x":-0.02489617094397545,"y":0.0020921346731483938,"z":-0.0000410912798542995,"w":-0.9996970295906067},"size":251.12057495117188,"orthographic":false}