{"cameraMode":{"drawMode":0,"name":"Shaded","section":"Shading Mode"},"sceneLighting":true,"audioPlay":false,"sceneViewState":{"m_AlwaysRefresh":false,"showFog":true,"showSkybox":true,"showFlares":true,"showImageEffects":true,"showParticleSystems":true,"showVisualEffectGraphs":true,"m_FxEnabled":true},"in2DMode":false,"pivot":{"x":645.2154541015625,"y":397.15216064453127,"z":72.21917724609375},"rotation":{"x":0.009898869320750237,"y":0.00031364872120320797,"z":3.681352609419264e-7,"w":0.9999600648880005},"size":459.448486328125,"orthographic":false}