{"cameraMode":{"drawMode":0,"name":"Shaded","section":"Shading Mode"},"sceneLighting":true,"audioPlay":false,"sceneViewState":{"m_AlwaysRefresh":false,"showFog":true,"showSkybox":true,"showFlares":true,"showImageEffects":true,"showParticleSystems":true,"showVisualEffectGraphs":true,"m_FxEnabled":true},"in2DMode":false,"pivot":{"x":728.2692260742188,"y":344.9776611328125,"z":1631.5074462890625},"rotation":{"x":-0.020396947860717775,"y":0.0065913572907447819,"z":-0.0001234628289239481,"w":-0.9997794032096863},"size":1181.104736328125,"orthographic":false}