{"cameraMode":{"drawMode":0,"name":"Shaded","section":"Shading Mode"},"sceneLighting":true,"audioPlay":false,"sceneViewState":{"m_AlwaysRefresh":false,"showFog":true,"showSkybox":true,"showFlares":true,"showImageEffects":true,"showParticleSystems":true,"showVisualEffectGraphs":true,"m_FxEnabled":true},"in2DMode":false,"pivot":{"x":394.19488525390627,"y":285.36761474609377,"z":6.37371826171875},"rotation":{"x":-0.027895081788301469,"y":-0.002406229032203555,"z":0.00007804120832588524,"w":-0.9996175169944763},"size":257.72674560546877,"orthographic":false}