{"cameraMode":{"drawMode":0,"name":"Shaded","section":"Shading Mode"},"sceneLighting":true,"audioPlay":false,"sceneViewState":{"m_AlwaysRefresh":false,"showFog":true,"showSkybox":true,"showFlares":true,"showImageEffects":true,"showParticleSystems":true,"showVisualEffectGraphs":true,"m_FxEnabled":true},"in2DMode":false,"pivot":{"x":410.5959777832031,"y":211.64654541015626,"z":3.142547607421875},"rotation":{"x":-0.02939453162252903,"y":0.003591214306652546,"z":-0.00009489222429692745,"w":-0.9995736479759216},"size":256.6480407714844,"orthographic":false}