{"cameraMode":{"drawMode":0,"name":"Shaded","section":"Shading Mode"},"sceneLighting":true,"audioPlay":false,"sceneViewState":{"m_AlwaysRefresh":false,"showFog":true,"showSkybox":true,"showFlares":true,"showImageEffects":true,"showParticleSystems":true,"showVisualEffectGraphs":true,"m_FxEnabled":true},"in2DMode":false,"pivot":{"x":-2.2973670959472658,"y":1.0871400833129883,"z":-2.7943825721740724},"rotation":{"x":0.3401518166065216,"y":0.03977561369538307,"z":-0.014398162253201008,"w":0.9394286870956421},"size":2.8256187438964845,"orthographic":false}