{"cameraMode":{"drawMode":0,"name":"Shaded","section":"Shading Mode"},"sceneLighting":true,"audioPlay":false,"sceneViewState":{"m_AlwaysRefresh":false,"showFog":true,"showSkybox":true,"showFlares":true,"showImageEffects":true,"showParticleSystems":true,"showVisualEffectGraphs":true,"m_FxEnabled":true},"in2DMode":false,"pivot":{"x":325.7040710449219,"y":455.041748046875,"z":-119.2352294921875},"rotation":{"x":0.05337344855070114,"y":0.004806969314813614,"z":-0.0002534939267206937,"w":0.9985722899436951},"size":309.4645690917969,"orthographic":false}