{"cameraMode":{"drawMode":0,"name":"Shaded","section":"Shading Mode"},"sceneLighting":true,"audioPlay":false,"sceneViewState":{"m_AlwaysRefresh":false,"showFog":true,"showSkybox":true,"showFlares":true,"showImageEffects":true,"showParticleSystems":true,"showVisualEffectGraphs":true,"m_FxEnabled":true},"in2DMode":false,"pivot":{"x":717.4669799804688,"y":456.0247497558594,"z":-23.84234046936035},"rotation":{"x":-0.02489617094397545,"y":0.0020921346731483938,"z":-0.0000410912798542995,"w":-0.9996970295906067},"size":306.8270568847656,"orthographic":false}